{"v":"5.7.4","fr":30,"ip":0,"op":120,"w":500,"h":600,"nm":"Comp 2","ddd":0,"assets":[{"id":"comp_0","layers":[{"ddd":0,"ind":1,"ty":0,"nm":"smoke-detector","parent":11,"refId":"comp_1","sr":1,"ks":{"o":{"a":0,"k":50,"ix":11},"r":{"a":0,"k":-8.437,"ix":10},"p":{"a":0,"k":[468.386,88.435,0],"ix":2,"l":2},"a":{"a":0,"k":[958.5,958.5,0],"ix":1,"l":2},"s":{"a":0,"k":[14,14,100],"ix":6,"l":2}},"ao":0,"tm":{"a":1,"k":[{"i":{"x":[0.667],"y":[1]},"o":{"x":[1],"y":[-0.073]},"t":10,"s":[0]},{"t":61,"s":[0.5]}],"ix":2,"x":"var $bm_rt;\n$bm_rt = loopOut('cycle', 0);"},"w":1917,"h":1917,"ip":10,"op":133,"st":10,"bm":0},{"ddd":0,"ind":2,"ty":0,"nm":"smoke-detector","parent":11,"refId":"comp_1","sr":1,"ks":{"o":{"a":0,"k":50,"ix":11},"r":{"a":0,"k":-8.437,"ix":10},"p":{"a":0,"k":[344.707,52.336,0],"ix":2,"l":2},"a":{"a":0,"k":[958.5,958.5,0],"ix":1,"l":2},"s":{"a":0,"k":[14,14,100],"ix":6,"l":2}},"ao":0,"tm":{"a":1,"k":[{"i":{"x":[0.667],"y":[1]},"o":{"x":[1],"y":[-0.073]},"t":0,"s":[0]},{"t":51,"s":[0.5]}],"ix":2,"x":"var $bm_rt;\n$bm_rt = loopOut('cycle', 0);"},"w":1917,"h":1917,"ip":0,"op":123,"st":0,"bm":0},{"ddd":0,"ind":3,"ty":4,"nm":"Mashroom Outlines","parent":11,"sr":1,"ks":{"o":{"a":0,"k":100,"ix":11},"r":{"a":1,"k":[{"i":{"x":[0.833],"y":[0.833]},"o":{"x":[0.167],"y":[0.167]},"t":31,"s":[-77.168]},{"i":{"x":[0.833],"y":[0.833]},"o":{"x":[0.167],"y":[0.167]},"t":47,"s":[360]},{"i":{"x":[0.833],"y":[0.833]},"o":{"x":[0.167],"y":[0.167]},"t":64,"s":[445]},{"i":{"x":[0.833],"y":[0.833]},"o":{"x":[0.167],"y":[0.167]},"t":83,"s":[445]},{"t":119,"s":[646]}],"ix":10},"p":{"a":1,"k":[{"i":{"x":0.667,"y":1},"o":{"x":0.333,"y":0},"t":26,"s":[321.974,192.841,0],"to":[0,-32.667,0],"ti":[15.667,2.333,0]},{"i":{"x":0.667,"y":1},"o":{"x":0.333,"y":0},"t":47,"s":[321.974,-3.159,0],"to":[-15.667,-2.333,0],"ti":[-30.565,-7.723,0]},{"i":{"x":0.667,"y":1},"o":{"x":0.167,"y":0},"t":64,"s":[227.974,178.841,0],"to":[1.238,0.313,0],"ti":[-0.576,-1.271,0]},{"i":{"x":0.667,"y":1},"o":{"x":0.167,"y":0},"t":93,"s":[321.974,192.841,0],"to":[13.479,29.756,0],"ti":[0,0,0]},{"i":{"x":0.833,"y":1},"o":{"x":0.167,"y":0},"t":108,"s":[321.974,-3.159,0],"to":[0,0,0],"ti":[0,-32.667,0]},{"t":119,"s":[321.974,192.841,0]}],"ix":2,"l":2},"a":{"a":0,"k":[326.729,127.854,0],"ix":1,"l":2},"s":{"a":0,"k":[100,100,100],"ix":6,"l":2}},"ao":0,"shapes":[{"ty":"gr","it":[{"ind":0,"ty":"sh","ix":1,"ks":{"a":0,"k":{"i":[[-11.034,0],[0,0],[0,-11.034],[11.03,0],[0,0],[0,11.035]],"o":[[0,0],[11.03,0],[0,11.035],[0,0],[-11.034,0],[0,-11.034]],"v":[[-11.986,-19.977],[11.987,-19.977],[31.964,0],[11.987,19.977],[-11.986,19.977],[-31.964,0]],"c":true},"ix":2},"nm":"Path 1","mn":"ADBE Vector Shape - Group","hd":false},{"ty":"fl","c":{"a":0,"k":[0.596078431373,0.341176470588,0.074509803922,1],"ix":4},"o":{"a":0,"k":100,"ix":5},"r":1,"bm":0,"nm":"Fill 1","mn":"ADBE Vector Graphic - Fill","hd":false},{"ty":"tr","p":{"a":0,"k":[326.729,111.872],"ix":2},"a":{"a":0,"k":[0,0],"ix":1},"s":{"a":0,"k":[100,100],"ix":3},"r":{"a":0,"k":0,"ix":6},"o":{"a":0,"k":100,"ix":7},"sk":{"a":0,"k":0,"ix":4},"sa":{"a":0,"k":0,"ix":5},"nm":"Transform"}],"nm":"Group 1","np":2,"cix":2,"bm":0,"ix":1,"mn":"ADBE Vector Group","hd":false},{"ty":"gr","it":[{"ind":0,"ty":"sh","ix":1,"ks":{"a":0,"k":{"i":[[0,0],[0,0],[0,0],[0,0]],"o":[[0,0],[0,0],[0,0],[0,0]],"v":[[-15.982,-9.988],[15.982,-9.988],[15.982,9.988],[-15.982,9.988]],"c":true},"ix":2},"nm":"Path 1","mn":"ADBE Vector Shape - Group","hd":false},{"ty":"fl","c":{"a":0,"k":[0.917647118662,0.61568627451,0.176470588235,1],"ix":4},"o":{"a":0,"k":100,"ix":5},"r":1,"bm":0,"nm":"Fill 1","mn":"ADBE Vector Graphic - Fill","hd":false},{"ty":"tr","p":{"a":0,"k":[326.729,133.848],"ix":2},"a":{"a":0,"k":[0,0],"ix":1},"s":{"a":0,"k":[100,100],"ix":3},"r":{"a":0,"k":0,"ix":6},"o":{"a":0,"k":100,"ix":7},"sk":{"a":0,"k":0,"ix":4},"sa":{"a":0,"k":0,"ix":5},"nm":"Transform"}],"nm":"Group 2","np":2,"cix":2,"bm":0,"ix":2,"mn":"ADBE Vector Group","hd":false},{"ty":"gr","it":[{"ind":0,"ty":"sh","ix":1,"ks":{"a":0,"k":{"i":[[0,0],[0,0],[0,0],[0,0]],"o":[[0,0],[0,0],[0,0],[0,0]],"v":[[-15.982,-19.977],[15.982,-19.977],[15.982,19.977],[-15.982,19.977]],"c":true},"ix":2},"nm":"Path 1","mn":"ADBE Vector Shape - Group","hd":false},{"ty":"fl","c":{"a":0,"k":[0.968627510819,0.729411764706,0.380392186782,1],"ix":4},"o":{"a":0,"k":100,"ix":5},"r":1,"bm":0,"nm":"Fill 1","mn":"ADBE Vector Graphic - Fill","hd":false},{"ty":"tr","p":{"a":0,"k":[326.729,143.836],"ix":2},"a":{"a":0,"k":[0,0],"ix":1},"s":{"a":0,"k":[100,100],"ix":3},"r":{"a":0,"k":0,"ix":6},"o":{"a":0,"k":100,"ix":7},"sk":{"a":0,"k":0,"ix":4},"sa":{"a":0,"k":0,"ix":5},"nm":"Transform"}],"nm":"Group 3","np":2,"cix":2,"bm":0,"ix":3,"mn":"ADBE Vector Group","hd":false}],"ip":0,"op":120,"st":0,"bm":0},{"ddd":0,"ind":4,"ty":4,"nm":"Rometo Outlines","parent":11,"sr":1,"ks":{"o":{"a":0,"k":100,"ix":11},"r":{"a":1,"k":[{"i":{"x":[0.833],"y":[0.833]},"o":{"x":[0.167],"y":[0.167]},"t":0,"s":[-9.168]},{"i":{"x":[0.833],"y":[0.833]},"o":{"x":[0.167],"y":[0.167]},"t":31,"s":[-77.168]},{"i":{"x":[0.833],"y":[0.833]},"o":{"x":[0.167],"y":[0.167]},"t":47,"s":[360]},{"i":{"x":[0.833],"y":[0.833]},"o":{"x":[0.167],"y":[0.167]},"t":60,"s":[45]},{"i":{"x":[0.833],"y":[0.833]},"o":{"x":[0.167],"y":[0.167]},"t":64,"s":[445]},{"i":{"x":[0.833],"y":[0.833]},"o":{"x":[0.167],"y":[0.167]},"t":83,"s":[445]},{"t":119,"s":[646]}],"ix":10},"p":{"a":1,"k":[{"i":{"x":0.667,"y":1},"o":{"x":0.333,"y":0},"t":26,"s":[242.974,192.841,0],"to":[0,-16.833,0],"ti":[-12.833,-3.667,0]},{"i":{"x":0.667,"y":1},"o":{"x":0.333,"y":0},"t":47,"s":[242.974,91.841,0],"to":[12.833,3.667,0],"ti":[-30.565,-7.723,0]},{"i":{"x":0.667,"y":1},"o":{"x":0.167,"y":0},"t":64,"s":[319.974,214.841,0],"to":[1.238,0.313,0],"ti":[-0.576,-1.271,0]},{"i":{"x":0.667,"y":1},"o":{"x":0.167,"y":0},"t":93,"s":[315.974,211.841,0],"to":[13.479,29.756,0],"ti":[12.167,3.167,0]},{"i":{"x":0.833,"y":1},"o":{"x":0.167,"y":0},"t":108,"s":[301.974,125.841,0],"to":[-12.167,-3.167,0],"ti":[9.833,-11.167,0]},{"t":119,"s":[242.974,192.841,0]}],"ix":2,"l":2},"a":{"a":0,"k":[218.916,74.57,0],"ix":1,"l":2},"s":{"a":0,"k":[100,100,100],"ix":6,"l":2}},"ao":0,"shapes":[{"ty":"gr","it":[{"ind":0,"ty":"sh","ix":1,"ks":{"a":0,"k":{"i":[[0,0],[4.237,-5.63],[-5.939,-6.184],[-7.573,4.023],[1.799,8.381],[8.557,0.558]],"o":[[-7.035,0.371],[-4.324,7.402],[5.938,6.184],[7.57,-4.019],[-1.799,-8.381],[0,0]],"v":[[1.387,-20.048],[-16.393,-10.585],[-13.666,12.373],[9.163,16.025],[18.918,-4.935],[1.418,-20.048]],"c":true},"ix":2},"nm":"Path 1","mn":"ADBE Vector Shape - Group","hd":false},{"ty":"fl","c":{"a":0,"k":[1,0.352941176471,0.294117647059,1],"ix":4},"o":{"a":0,"k":100,"ix":5},"r":1,"bm":0,"nm":"Fill 1","mn":"ADBE Vector Graphic - Fill","hd":false},{"ty":"tr","p":{"a":0,"k":[216.265,70.774],"ix":2},"a":{"a":0,"k":[0,0],"ix":1},"s":{"a":0,"k":[100,100],"ix":3},"r":{"a":0,"k":0,"ix":6},"o":{"a":0,"k":100,"ix":7},"sk":{"a":0,"k":0,"ix":4},"sa":{"a":0,"k":0,"ix":5},"nm":"Transform"}],"nm":"Group 1","np":2,"cix":2,"bm":0,"ix":1,"mn":"ADBE Vector Group","hd":false},{"ty":"gr","it":[{"ind":0,"ty":"sh","ix":1,"ks":{"a":0,"k":{"i":[[0,-13.239],[13.239,0],[0,13.239],[-13.238,0]],"o":[[0,13.239],[-13.238,0],[0,-13.239],[13.239,0]],"v":[[23.973,0],[-0.001,23.973],[-23.973,0],[-0.001,-23.973]],"c":true},"ix":2},"nm":"Path 1","mn":"ADBE Vector Shape - Group","hd":false},{"ty":"fl","c":{"a":0,"k":[0.960784373564,0.337254901961,0.282352941176,1],"ix":4},"o":{"a":0,"k":100,"ix":5},"r":1,"bm":0,"nm":"Fill 1","mn":"ADBE Vector Graphic - Fill","hd":false},{"ty":"tr","p":{"a":0,"k":[218.916,74.57],"ix":2},"a":{"a":0,"k":[0,0],"ix":1},"s":{"a":0,"k":[100,100],"ix":3},"r":{"a":0,"k":0,"ix":6},"o":{"a":0,"k":100,"ix":7},"sk":{"a":0,"k":0,"ix":4},"sa":{"a":0,"k":0,"ix":5},"nm":"Transform"}],"nm":"Group 2","np":2,"cix":2,"bm":0,"ix":2,"mn":"ADBE Vector Group","hd":false}],"ip":0,"op":120,"st":0,"bm":0},{"ddd":0,"ind":5,"ty":4,"nm":"Layer 4 Outlines","parent":11,"sr":1,"ks":{"o":{"a":0,"k":100,"ix":11},"r":{"a":1,"k":[{"i":{"x":[0.833],"y":[0.833]},"o":{"x":[0.167],"y":[0.167]},"t":0,"s":[-9.168]},{"i":{"x":[0.833],"y":[0.833]},"o":{"x":[0.167],"y":[0.167]},"t":31,"s":[-77.168]},{"i":{"x":[0.833],"y":[0.833]},"o":{"x":[0.167],"y":[0.167]},"t":47,"s":[360]},{"i":{"x":[0.833],"y":[0.833]},"o":{"x":[0.167],"y":[0.167]},"t":60,"s":[45]},{"i":{"x":[0.833],"y":[0.833]},"o":{"x":[0.167],"y":[0.167]},"t":64,"s":[445]},{"i":{"x":[0.833],"y":[0.833]},"o":{"x":[0.167],"y":[0.167]},"t":83,"s":[445]},{"t":119,"s":[646]}],"ix":10},"p":{"a":1,"k":[{"i":{"x":0.667,"y":1},"o":{"x":0.333,"y":0},"t":26,"s":[310.974,222.841,0],"to":[-4.167,-21.833,0],"ti":[3.5,1.333,0]},{"i":{"x":0.667,"y":1},"o":{"x":0.333,"y":0},"t":47,"s":[285.974,91.841,0],"to":[-3.5,-1.333,0],"ti":[-30.565,-7.723,0]},{"i":{"x":0.667,"y":1},"o":{"x":0.167,"y":0},"t":64,"s":[289.974,214.841,0],"to":[1.238,0.313,0],"ti":[-0.576,-1.271,0]},{"i":{"x":0.667,"y":1},"o":{"x":0.167,"y":0},"t":93,"s":[315.974,211.841,0],"to":[13.479,29.756,0],"ti":[0.833,-1.833,0]},{"i":{"x":0.833,"y":1},"o":{"x":0.167,"y":0},"t":108,"s":[367.974,125.841,0],"to":[-0.833,1.833,0],"ti":[9.5,-16.167,0]},{"t":119,"s":[310.974,222.841,0]}],"ix":2,"l":2},"a":{"a":0,"k":[242.889,155.679,0],"ix":1,"l":2},"s":{"a":0,"k":[100,100,100],"ix":6,"l":2}},"ao":0,"shapes":[{"ty":"gr","it":[{"ind":0,"ty":"sh","ix":1,"ks":{"a":0,"k":{"i":[[0,0],[0,0],[0,0],[0,0]],"o":[[0,0],[0,0],[0,0],[0,0]],"v":[[-7.991,-7.991],[7.991,-7.991],[7.991,7.991],[-7.991,7.991]],"c":true},"ix":2},"nm":"Path 1","mn":"ADBE Vector Shape - Group","hd":false},{"ty":"fl","c":{"a":0,"k":[0.984313785329,0.929411824544,0.749019607843,1],"ix":4},"o":{"a":0,"k":100,"ix":5},"r":1,"bm":0,"nm":"Fill 1","mn":"ADBE Vector Graphic - Fill","hd":false},{"ty":"tr","p":{"a":0,"k":[242.889,155.679],"ix":2},"a":{"a":0,"k":[0,0],"ix":1},"s":{"a":0,"k":[100,100],"ix":3},"r":{"a":0,"k":0,"ix":6},"o":{"a":0,"k":100,"ix":7},"sk":{"a":0,"k":0,"ix":4},"sa":{"a":0,"k":0,"ix":5},"nm":"Transform"}],"nm":"Group 1","np":2,"cix":2,"bm":0,"ix":1,"mn":"ADBE Vector Group","hd":false}],"ip":0,"op":120,"st":0,"bm":0},{"ddd":0,"ind":6,"ty":4,"nm":"Layer 3 Outlines","parent":11,"sr":1,"ks":{"o":{"a":0,"k":100,"ix":11},"r":{"a":1,"k":[{"i":{"x":[0.833],"y":[0.833]},"o":{"x":[0.167],"y":[0.167]},"t":0,"s":[-9.168]},{"i":{"x":[0.833],"y":[0.833]},"o":{"x":[0.167],"y":[0.167]},"t":31,"s":[-77.168]},{"i":{"x":[0.833],"y":[0.833]},"o":{"x":[0.167],"y":[0.167]},"t":47,"s":[180]},{"i":{"x":[0.833],"y":[0.833]},"o":{"x":[0.167],"y":[0.167]},"t":62,"s":[45]},{"i":{"x":[0.833],"y":[0.833]},"o":{"x":[0.167],"y":[0.167]},"t":83,"s":[45]},{"t":119,"s":[-77.168]}],"ix":10},"p":{"a":1,"k":[{"i":{"x":0.667,"y":1},"o":{"x":0.333,"y":0},"t":26,"s":[253.974,198.841,0],"to":[-4.167,-21.833,0],"ti":[3.5,1.333,0]},{"i":{"x":0.667,"y":1},"o":{"x":0.333,"y":0},"t":47,"s":[228.974,67.841,0],"to":[-3.5,-1.333,0],"ti":[-30.565,-7.723,0]},{"i":{"x":0.667,"y":1},"o":{"x":0.167,"y":0},"t":64,"s":[232.974,190.841,0],"to":[1.238,0.313,0],"ti":[-0.576,-1.271,0]},{"i":{"x":0.667,"y":1},"o":{"x":0.167,"y":0},"t":93,"s":[258.974,187.841,0],"to":[13.479,29.756,0],"ti":[0.833,-1.833,0]},{"i":{"x":0.833,"y":1},"o":{"x":0.167,"y":0},"t":108,"s":[310.974,101.841,0],"to":[-0.833,1.833,0],"ti":[9.5,-16.167,0]},{"t":119,"s":[253.974,198.841,0]}],"ix":2,"l":2},"a":{"a":0,"k":[375.351,155.679,0],"ix":1,"l":2},"s":{"a":0,"k":[100,100,100],"ix":6,"l":2}},"ao":0,"shapes":[{"ty":"gr","it":[{"ind":0,"ty":"sh","ix":1,"ks":{"a":0,"k":{"i":[[11.963,-12.002],[0,0],[5.162,7.773],[0,0],[0,0],[0,0]],"o":[[0,0],[6.591,-6.605],[0,0],[0,0],[0,0],[9.376,14.12]],"v":[[-0.766,25.024],[-12.066,13.724],[-9.616,-10.99],[-13.057,-16.171],[0.241,-25.024],[3.682,-19.862]],"c":true},"ix":2},"nm":"Path 1","mn":"ADBE Vector Shape - Group","hd":false},{"ty":"fl","c":{"a":0,"k":[0.984313785329,0.929411824544,0.749019607843,1],"ix":4},"o":{"a":0,"k":100,"ix":5},"r":1,"bm":0,"nm":"Fill 1","mn":"ADBE Vector Graphic - Fill","hd":false},{"ty":"tr","p":{"a":0,"k":[377.062,155.679],"ix":2},"a":{"a":0,"k":[0,0],"ix":1},"s":{"a":0,"k":[100,100],"ix":3},"r":{"a":0,"k":0,"ix":6},"o":{"a":0,"k":100,"ix":7},"sk":{"a":0,"k":0,"ix":4},"sa":{"a":0,"k":0,"ix":5},"nm":"Transform"}],"nm":"Group 1","np":2,"cix":2,"bm":0,"ix":1,"mn":"ADBE Vector Group","hd":false}],"ip":0,"op":120,"st":0,"bm":0},{"ddd":0,"ind":7,"ty":4,"nm":"Layer 9 Outlines","parent":11,"sr":1,"ks":{"o":{"a":0,"k":100,"ix":11},"r":{"a":1,"k":[{"i":{"x":[0.833],"y":[0.833]},"o":{"x":[0.167],"y":[0.167]},"t":0,"s":[-9.168]},{"i":{"x":[0.833],"y":[0.833]},"o":{"x":[0.167],"y":[0.167]},"t":31,"s":[-77.168]},{"i":{"x":[0.833],"y":[0.833]},"o":{"x":[0.167],"y":[0.167]},"t":47,"s":[360]},{"i":{"x":[0.833],"y":[0.833]},"o":{"x":[0.167],"y":[0.167]},"t":60,"s":[45]},{"i":{"x":[0.833],"y":[0.833]},"o":{"x":[0.167],"y":[0.167]},"t":64,"s":[445]},{"i":{"x":[0.833],"y":[0.833]},"o":{"x":[0.167],"y":[0.167]},"t":83,"s":[445]},{"t":119,"s":[-9.168]}],"ix":10},"p":{"a":1,"k":[{"i":{"x":0.667,"y":1},"o":{"x":0.333,"y":0.579},"t":26,"s":[187.057,174.862,0],"to":[-21.841,-26.122,0],"ti":[2.872,1.094,0]},{"i":{"x":0.667,"y":1},"o":{"x":0.333,"y":0},"t":47,"s":[233.974,132.841,0],"to":[-3.5,-1.333,0],"ti":[-30.565,-7.723,0]},{"i":{"x":0.667,"y":1},"o":{"x":0.167,"y":0},"t":64,"s":[264.974,206.841,0],"to":[1.238,0.313,0],"ti":[-30.565,-7.723,0]},{"i":{"x":0.667,"y":1},"o":{"x":0.167,"y":0},"t":93,"s":[264.974,206.841,0],"to":[1.238,0.313,0],"ti":[12.986,5.33,0]},{"i":{"x":0.833,"y":0.94},"o":{"x":0.167,"y":0},"t":108,"s":[367.974,125.841,0],"to":[-12.986,-5.33,0],"ti":[4.774,5.71,0]},{"t":119,"s":[187.057,174.862,0]}],"ix":2,"l":2},"a":{"a":0,"k":[288.896,197.103,0],"ix":1,"l":2},"s":{"a":0,"k":[100,100,100],"ix":6,"l":2}},"ao":0,"shapes":[{"ty":"gr","it":[{"ind":0,"ty":"sh","ix":1,"ks":{"a":0,"k":{"i":[[0,0],[0,0],[0,0],[0,0]],"o":[[0,0],[0,0],[0,0],[0,0]],"v":[[-7.991,-7.991],[7.991,-7.991],[7.991,7.991],[-7.991,7.991]],"c":true},"ix":2},"nm":"Path 1","mn":"ADBE Vector Shape - Group","hd":false},{"ty":"fl","c":{"a":0,"k":[0.984313785329,0.929411824544,0.749019607843,1],"ix":4},"o":{"a":0,"k":100,"ix":5},"r":1,"bm":0,"nm":"Fill 1","mn":"ADBE Vector Graphic - Fill","hd":false},{"ty":"tr","p":{"a":0,"k":[288.896,197.103],"ix":2},"a":{"a":0,"k":[0,0],"ix":1},"s":{"a":0,"k":[100,100],"ix":3},"r":{"a":0,"k":0,"ix":6},"o":{"a":0,"k":100,"ix":7},"sk":{"a":0,"k":0,"ix":4},"sa":{"a":0,"k":0,"ix":5},"nm":"Transform"}],"nm":"Group 1","np":2,"cix":2,"bm":0,"ix":1,"mn":"ADBE Vector Group","hd":false}],"ip":0,"op":120,"st":0,"bm":0},{"ddd":0,"ind":10,"ty":0,"nm":"smoke-detector","parent":11,"refId":"comp_1","sr":1,"ks":{"o":{"a":0,"k":50,"ix":11},"r":{"a":0,"k":-8.437,"ix":10},"p":{"a":0,"k":[397.386,88.435,0],"ix":2,"l":2},"a":{"a":0,"k":[958.5,958.5,0],"ix":1,"l":2},"s":{"a":0,"k":[14,14,100],"ix":6,"l":2}},"ao":0,"tm":{"a":1,"k":[{"i":{"x":[0.667],"y":[1]},"o":{"x":[1],"y":[-0.059]},"t":40,"s":[0]},{"t":81,"s":[0.5]}],"ix":2,"x":"var $bm_rt;\n$bm_rt = loopOut('cycle', 0);"},"w":1917,"h":1917,"ip":19,"op":142,"st":19,"bm":0},{"ddd":0,"ind":11,"ty":4,"nm":"Pan Outlines","sr":1,"ks":{"o":{"a":0,"k":100,"ix":11},"r":{"a":1,"k":[{"i":{"x":[0.667],"y":[1]},"o":{"x":[0.333],"y":[0]},"t":0,"s":[0]},{"i":{"x":[0.667],"y":[1]},"o":{"x":[1],"y":[0]},"t":20,"s":[10]},{"i":{"x":[0.667],"y":[1]},"o":{"x":[0.333],"y":[0]},"t":40,"s":[-23]},{"i":{"x":[0.667],"y":[1]},"o":{"x":[0.333],"y":[0]},"t":60,"s":[0]},{"i":{"x":[0.667],"y":[1]},"o":{"x":[1],"y":[0]},"t":87,"s":[10]},{"i":{"x":[0.667],"y":[1]},"o":{"x":[0.333],"y":[0]},"t":100,"s":[-23]},{"t":120,"s":[0]}],"ix":10},"p":{"a":0,"k":[87,336,0],"ix":2,"l":2},"a":{"a":0,"k":[-12.5,130.5,0],"ix":1,"l":2},"s":{"a":0,"k":[100,100,100],"ix":6,"l":2}},"ao":0,"shapes":[{"ty":"gr","it":[{"ind":0,"ty":"sh","ix":1,"ks":{"a":0,"k":{"i":[[-0.964,-0.004],[-0.69,3.801],[3.613,1.358],[9.103,8.869],[0,0],[0.297,0.176],[-2.025,-7.921],[-22.283,-7.566]],"o":[[3.863,0],[0.691,-3.8],[-30.43,-11.467],[0,0],[-0.266,-0.219],[-0.48,8.163],[19.443,13.258],[0.901,0.335]],"v":[[29.978,28.081],[37.84,21.519],[32.79,12.611],[-29.54,-19.497],[-37.203,-27.488],[-38.05,-28.081],[-35.717,-3.811],[27.156,27.571]],"c":true},"ix":2},"nm":"Path 1","mn":"ADBE Vector Shape - Group","hd":false},{"ty":"fl","c":{"a":0,"k":[0.933333393172,0.427451010311,0.403921598547,1],"ix":4},"o":{"a":0,"k":100,"ix":5},"r":1,"bm":0,"nm":"Fill 1","mn":"ADBE Vector Graphic - Fill","hd":false},{"ty":"tr","p":{"a":0,"k":[166.655,211.941],"ix":2},"a":{"a":0,"k":[0,0],"ix":1},"s":{"a":0,"k":[100,100],"ix":3},"r":{"a":0,"k":0,"ix":6},"o":{"a":0,"k":100,"ix":7},"sk":{"a":0,"k":0,"ix":4},"sa":{"a":0,"k":0,"ix":5},"nm":"Transform"}],"nm":"Group 1","np":2,"cix":2,"bm":0,"ix":1,"mn":"ADBE Vector Group","hd":false},{"ty":"gr","it":[{"ind":0,"ty":"sh","ix":1,"ks":{"a":0,"k":{"i":[[4.073,-0.008],[0.574,0.125],[5.33,1.323],[-1.05,4.229],[-4.25,-0.976],[-5.033,-1.127],[0.441,-4.046]],"o":[[-0.585,0],[-5.166,-1.151],[-4.214,-1.12],[1.049,-4.234],[5.205,1.287],[3.973,0.886],[-0.444,4.05]],"v":[[7.935,10.193],[6.186,10.003],[-9.557,6.292],[-15.258,-3.35],[-5.714,-9.218],[9.663,-5.598],[15.866,3.068]],"c":true},"ix":2},"nm":"Path 1","mn":"ADBE Vector Shape - Group","hd":false},{"ty":"fl","c":{"a":0,"k":[0.933333393172,0.427451010311,0.403921598547,1],"ix":4},"o":{"a":0,"k":100,"ix":5},"r":1,"bm":0,"nm":"Fill 1","mn":"ADBE Vector Graphic - Fill","hd":false},{"ty":"tr","p":{"a":0,"k":[280.695,256.982],"ix":2},"a":{"a":0,"k":[0,0],"ix":1},"s":{"a":0,"k":[100,100],"ix":3},"r":{"a":0,"k":0,"ix":6},"o":{"a":0,"k":100,"ix":7},"sk":{"a":0,"k":0,"ix":4},"sa":{"a":0,"k":0,"ix":5},"nm":"Transform"}],"nm":"Group 2","np":2,"cix":2,"bm":0,"ix":2,"mn":"ADBE Vector Group","hd":false},{"ty":"gr","it":[{"ind":0,"ty":"sh","ix":1,"ks":{"a":0,"k":{"i":[[3.98,0.008],[0.733,0.211],[5.049,1.604],[-1.339,4.206],[-4.206,-1.339],[-5.158,-1.518],[0.565,-3.937]],"o":[[-0.765,-0.004],[-5.26,-1.553],[-4.206,-1.334],[1.338,-4.206],[4.928,1.564],[3.82,1.112],[-0.566,3.94]],"v":[[7.88,10.81],[5.625,10.482],[-9.838,5.749],[-15.031,-4.286],[-4.996,-9.479],[10.131,-4.852],[15.805,3.955]],"c":true},"ix":2},"nm":"Path 1","mn":"ADBE Vector Shape - Group","hd":false},{"ty":"fl","c":{"a":0,"k":[0.933333393172,0.427451010311,0.403921598547,1],"ix":4},"o":{"a":0,"k":100,"ix":5},"r":1,"bm":0,"nm":"Fill 1","mn":"ADBE Vector Graphic - Fill","hd":false},{"ty":"tr","p":{"a":0,"k":[234.326,244.371],"ix":2},"a":{"a":0,"k":[0,0],"ix":1},"s":{"a":0,"k":[100,100],"ix":3},"r":{"a":0,"k":0,"ix":6},"o":{"a":0,"k":100,"ix":7},"sk":{"a":0,"k":0,"ix":4},"sa":{"a":0,"k":0,"ix":5},"nm":"Transform"}],"nm":"Group 3","np":2,"cix":2,"bm":0,"ix":3,"mn":"ADBE Vector Group","hd":false},{"ty":"gr","it":[{"ind":0,"ty":"sh","ix":1,"ks":{"a":0,"k":{"i":[[62.881,16.996],[1.725,-6.391],[-62.885,-16.996],[-1.728,6.391]],"o":[[-62.885,-16.992],[-1.728,6.391],[62.882,16.993],[1.725,-6.391]],"v":[[3.129,-11.573],[-113.859,-30.773],[-3.126,11.572],[113.862,30.773]],"c":true},"ix":2},"nm":"Path 1","mn":"ADBE Vector Shape - Group","hd":false},{"ty":"fl","c":{"a":0,"k":[0.435294147566,0.454901990704,0.470588265213,1],"ix":4},"o":{"a":0,"k":100,"ix":5},"r":1,"bm":0,"nm":"Fill 1","mn":"ADBE Vector Graphic - Fill","hd":false},{"ty":"tr","p":{"a":0,"k":[269.05,209.089],"ix":2},"a":{"a":0,"k":[0,0],"ix":1},"s":{"a":0,"k":[100,100],"ix":3},"r":{"a":0,"k":0,"ix":6},"o":{"a":0,"k":100,"ix":7},"sk":{"a":0,"k":0,"ix":4},"sa":{"a":0,"k":0,"ix":5},"nm":"Transform"}],"nm":"Group 4","np":2,"cix":2,"bm":0,"ix":4,"mn":"ADBE Vector Group","hd":false},{"ty":"gr","it":[{"ind":0,"ty":"sh","ix":1,"ks":{"a":0,"k":{"i":[[76.659,20.734],[4.031,-14.909],[-76.658,-20.734],[-4.03,14.905]],"o":[[-76.659,-20.734],[-4.034,14.904],[76.655,20.735],[4.031,-14.909]],"v":[[7.3,-26.989],[-138.799,-37.539],[-7.297,26.988],[138.802,37.543]],"c":true},"ix":2},"nm":"Path 1","mn":"ADBE Vector Shape - Group","hd":false},{"ty":"fl","c":{"a":0,"k":[0.529411764706,0.529411764706,0.529411764706,1],"ix":4},"o":{"a":0,"k":100,"ix":5},"r":1,"bm":0,"nm":"Fill 1","mn":"ADBE Vector Graphic - Fill","hd":false},{"ty":"tr","p":{"a":0,"k":[273.171,193.791],"ix":2},"a":{"a":0,"k":[0,0],"ix":1},"s":{"a":0,"k":[100,100],"ix":3},"r":{"a":0,"k":0,"ix":6},"o":{"a":0,"k":100,"ix":7},"sk":{"a":0,"k":0,"ix":4},"sa":{"a":0,"k":0,"ix":5},"nm":"Transform"}],"nm":"Group 5","np":2,"cix":2,"bm":0,"ix":5,"mn":"ADBE Vector Group","hd":false},{"ty":"gr","it":[{"ind":0,"ty":"sh","ix":1,"ks":{"a":0,"k":{"i":[[0,0],[69.96,18.909],[13.188,-10.477],[0,0],[0,0],[-42.604,-11.518],[0,0],[-11.514,42.619],[0,0]],"o":[[-6.114,-15.693],[-69.963,-18.908],[0,0],[0,0],[-11.518,42.604],[0,0],[42.616,11.538],[0,0],[0,0]],"v":[[145.58,0.501],[14.53,-59.751],[-129.005,-73.703],[-131.623,-70.273],[-134.749,-58.704],[-78.461,39.289],[44.964,72.641],[142.989,16.355],[146.267,3.513]],"c":true},"ix":2},"nm":"Path 1","mn":"ADBE Vector Shape - Group","hd":false},{"ty":"fl","c":{"a":0,"k":[0.878431432387,0.400000029919,0.380392186782,1],"ix":4},"o":{"a":0,"k":100,"ix":5},"r":1,"bm":0,"nm":"Fill 1","mn":"ADBE Vector Graphic - Fill","hd":false},{"ty":"tr","p":{"a":0,"k":[265.96,226.407],"ix":2},"a":{"a":0,"k":[0,0],"ix":1},"s":{"a":0,"k":[100,100],"ix":3},"r":{"a":0,"k":0,"ix":6},"o":{"a":0,"k":100,"ix":7},"sk":{"a":0,"k":0,"ix":4},"sa":{"a":0,"k":0,"ix":5},"nm":"Transform"}],"nm":"Group 6","np":2,"cix":2,"bm":0,"ix":6,"mn":"ADBE Vector Group","hd":false},{"ty":"gr","it":[{"ind":0,"ty":"sh","ix":1,"ks":{"a":0,"k":{"i":[[0,0],[0,0],[0.85,-9.591],[0,0],[0,0]],"o":[[0,0],[-2.75,9.224],[0,0],[0,0],[0,0]],"v":[[-2.792,-18.391],[-3.842,-14.954],[-9.257,13.335],[9.257,18.391],[8.363,-15.379]],"c":true},"ix":2},"nm":"Path 1","mn":"ADBE Vector Shape - Group","hd":false},{"ty":"fl","c":{"a":0,"k":[0.658823529412,0.658823529412,0.658823529412,1],"ix":4},"o":{"a":0,"k":100,"ix":5},"r":1,"bm":0,"nm":"Fill 1","mn":"ADBE Vector Graphic - Fill","hd":false},{"ty":"tr","p":{"a":0,"k":[128.627,168.075],"ix":2},"a":{"a":0,"k":[0,0],"ix":1},"s":{"a":0,"k":[100,100],"ix":3},"r":{"a":0,"k":0,"ix":6},"o":{"a":0,"k":100,"ix":7},"sk":{"a":0,"k":0,"ix":4},"sa":{"a":0,"k":0,"ix":5},"nm":"Transform"}],"nm":"Group 7","np":2,"cix":2,"bm":0,"ix":7,"mn":"ADBE Vector Group","hd":false},{"ty":"gr","it":[{"ind":0,"ty":"sh","ix":1,"ks":{"a":0,"k":{"i":[[0,0],[0,0],[-2.302,8.522],[-8.518,-2.302],[0,0]],"o":[[0,0],[-8.518,-2.302],[2.302,-8.517],[0,0],[0,0]],"v":[[68.942,35.967],[-73.009,-2.813],[-84.266,-22.408],[-64.675,-33.665],[68.048,2.205]],"c":true},"ix":2},"nm":"Path 1","mn":"ADBE Vector Shape - Group","hd":false},{"ty":"fl","c":{"a":0,"k":[0.725490196078,0.725490196078,0.725490196078,1],"ix":4},"o":{"a":0,"k":100,"ix":5},"r":1,"bm":0,"nm":"Fill 1","mn":"ADBE Vector Graphic - Fill","hd":false},{"ty":"tr","p":{"a":0,"k":[68.942,150.5],"ix":2},"a":{"a":0,"k":[0,0],"ix":1},"s":{"a":0,"k":[100,100],"ix":3},"r":{"a":0,"k":0,"ix":6},"o":{"a":0,"k":100,"ix":7},"sk":{"a":0,"k":0,"ix":4},"sa":{"a":0,"k":0,"ix":5},"nm":"Transform"}],"nm":"Group 8","np":4,"cix":2,"bm":0,"ix":8,"mn":"ADBE Vector Group","hd":false}],"ip":0,"op":120,"st":0,"bm":0}]},{"id":"comp_1","layers":[{"ddd":0,"ind":8,"ty":4,"nm":"1 mask","td":1,"sr":1,"ks":{"o":{"a":0,"k":100,"ix":11},"r":{"a":0,"k":0,"ix":10},"p":{"a":1,"k":[{"i":{"x":0.667,"y":1},"o":{"x":0.333,"y":0},"t":0,"s":[958.5,1804.5,0],"to":[0,-290.667,0],"ti":[0,290.667,0]},{"t":15,"s":[958.5,60.5,0]}],"ix":2,"l":2},"a":{"a":0,"k":[0,0,0],"ix":1,"l":2},"s":{"a":0,"k":[100,100,100],"ix":6,"l":2}},"ao":0,"shapes":[{"ty":"gr","it":[{"ty":"rc","d":1,"s":{"a":0,"k":[408,824],"ix":2},"p":{"a":0,"k":[0,0],"ix":3},"r":{"a":0,"k":0,"ix":4},"nm":"Rectangle Path 1","mn":"ADBE Vector Shape - Rect","hd":false},{"ty":"fl","c":{"a":0,"k":[0.945097979377,0.055593999227,0.055593999227,1],"ix":4},"o":{"a":0,"k":100,"ix":5},"r":1,"bm":0,"nm":"Fill 1","mn":"ADBE Vector Graphic - Fill","hd":false},{"ty":"tr","p":{"a":0,"k":[-694.5,169.5],"ix":2},"a":{"a":0,"k":[0,0],"ix":1},"s":{"a":0,"k":[100,100],"ix":3},"r":{"a":0,"k":0,"ix":6},"o":{"a":0,"k":100,"ix":7},"sk":{"a":0,"k":0,"ix":4},"sa":{"a":0,"k":0,"ix":5},"nm":"Transform"}],"nm":"Rectangle 1","np":3,"cix":2,"bm":0,"ix":1,"mn":"ADBE Vector Group","hd":false}],"ip":0,"op":15,"st":0,"bm":0},{"ddd":0,"ind":9,"ty":4,"nm":"1","tt":1,"sr":1,"ks":{"o":{"a":0,"k":100,"ix":11},"r":{"a":0,"k":0,"ix":10},"p":{"a":1,"k":[{"i":{"x":0.667,"y":1},"o":{"x":0.333,"y":0},"t":0,"s":[958.21,958.21,0],"to":[0,-13.667,0],"ti":[0,13.667,0]},{"t":15,"s":[958.21,876.21,0]}],"ix":2,"l":2},"a":{"a":0,"k":[958.21,958.21,0],"ix":1,"l":2},"s":{"a":0,"k":[100,100,100],"ix":6,"l":2}},"ao":0,"shapes":[{"ty":"gr","it":[{"ind":0,"ty":"sh","ix":1,"ks":{"a":0,"k":{"i":[[0,0],[-18.744,-15.174],[43.208,-42.396],[13.631,-6.491],[0.041,0],[0.893,-0.852],[0,0],[-18.743,-15.173],[43.208,-42.397],[21.664,0],[-19.677,19.312],[0,0],[18.459,14.89],[-45.318,42.113],[0,0],[-3.083,1.339],[-0.73,0.69],[0,0],[18.46,14.89],[-45.317,42.112],[0,0],[-11.603,-12.456],[12.455,-11.603]],"o":[[-17.973,16.716],[47.427,38.299],[-52.702,48.767],[0,0.04],[-0.73,0.934],[0,0],[-17.973,16.715],[47.428,38.299],[-67.51,62.479],[-27.426,0],[0,0],[17.202,-16.918],[-48.077,-38.867],[0,0],[2.556,-2.394],[0.608,-0.73],[0,0],[17.203,-16.918],[-48.077,-38.867],[0,0],[12.455,-11.603],[11.563,12.455],[0,0]],"v":[[91.751,-261.622],[93.861,-201.252],[101.204,-49.679],[21.523,25.743],[21.482,25.783],[19.007,28.421],[-70.533,111.632],[-68.424,172],[-61.079,323.575],[-153.176,401.593],[-174.759,348.769],[-104.247,279.596],[-107.128,219.956],[-112.484,66.476],[-22.984,-16.735],[-14.464,-22.334],[-12.476,-24.484],[58.036,-93.658],[55.156,-153.297],[49.8,-306.777],[139.3,-389.989],[182.873,-388.406],[181.291,-344.833]],"c":true},"ix":2},"nm":"Path 1","mn":"ADBE Vector Shape - Group","hd":false},{"ty":"fl","c":{"a":0,"k":[0.65098041296,0.65098041296,0.65098041296,1],"ix":4},"o":{"a":0,"k":100,"ix":5},"r":1,"bm":0,"nm":"Fill 1","mn":"ADBE Vector Graphic - Fill","hd":false},{"ty":"tr","p":{"a":0,"k":[252.661,1130.512],"ix":2},"a":{"a":0,"k":[0,0],"ix":1},"s":{"a":0,"k":[100,100],"ix":3},"r":{"a":0,"k":0,"ix":6},"o":{"a":0,"k":100,"ix":7},"sk":{"a":0,"k":0,"ix":4},"sa":{"a":0,"k":0,"ix":5},"nm":"Transform"}],"nm":"Group 1","np":2,"cix":2,"bm":0,"ix":1,"mn":"ADBE Vector Group","hd":false}],"ip":0,"op":15,"st":0,"bm":0}]}],"layers":[{"ddd":0,"ind":1,"ty":0,"nm":"illustrations","refId":"comp_0","sr":1,"ks":{"o":{"a":0,"k":100,"ix":11},"r":{"a":0,"k":-9,"ix":10},"p":{"a":1,"k":[{"i":{"x":0.667,"y":1},"o":{"x":0.333,"y":0},"t":0,"s":[27,359,0],"to":[0,2.167,0],"ti":[0,0,0]},{"i":{"x":0.667,"y":1},"o":{"x":0.333,"y":0},"t":20,"s":[27,372,0],"to":[0,0,0],"ti":[0,2.167,0]},{"i":{"x":0.667,"y":0.667},"o":{"x":0.333,"y":0.333},"t":40,"s":[27,359,0],"to":[0,0,0],"ti":[0,0,0]},{"i":{"x":0.667,"y":1},"o":{"x":0.333,"y":0},"t":60,"s":[27,359,0],"to":[0,2.167,0],"ti":[0,0,0]},{"i":{"x":0.667,"y":1},"o":{"x":0.333,"y":0},"t":80,"s":[27,372,0],"to":[0,0,0],"ti":[0,2.167,0]},{"i":{"x":0.667,"y":0.667},"o":{"x":0.333,"y":0.333},"t":100,"s":[27,359,0],"to":[0,0,0],"ti":[0,0,0]},{"t":119,"s":[27,359,0]}],"ix":2,"l":2},"a":{"a":0,"k":[89.5,335.5,0],"ix":1,"l":2},"s":{"a":0,"k":[100,100,100],"ix":6,"l":2}},"ao":0,"w":665,"h":665,"ip":0,"op":120,"st":0,"bm":0}],"markers":[]}